<?xml version="1.0" encoding="UTF-8"?>
<project-private xmlns="http://www.netbeans.org/ns/project-private/1">
    <editor-bookmarks xmlns="http://www.netbeans.org/ns/editor-bookmarks/2" lastBookmarkId="0"/>
    <open-files xmlns="http://www.netbeans.org/ns/projectui-open-files/2">
        <group>
            <file>file:/C:/Users/Aluno_2/Desktop/-Hotel-/src/Internals/iReserva.java</file>
            <file>file:/C:/Users/Aluno_2/Desktop/-Hotel-/src/View/consumo.java</file>
            <file>file:/C:/Users/Aluno_2/Desktop/-Hotel-/src/View/Hospede.java</file>
            <file>file:/C:/Users/Aluno_2/Desktop/-Hotel-/src/View/areaRecep.java</file>
            <file>file:/C:/Users/Aluno_2/Desktop/-Hotel-/src/View/quartoKO.java</file>
            <file>file:/C:/Users/Aluno_2/Desktop/-Hotel-/src/View/pagamento.java</file>
            <file>file:/C:/Users/Aluno_2/Desktop/-Hotel-/src/View/hospKO.java</file>
            <file>file:/C:/Users/Aluno_2/Desktop/-Hotel-/src/DAO/reservaDAO.java</file>
            <file>file:/C:/Users/Aluno_2/Desktop/-Hotel-/src/View/Login.java</file>
        </group>
    </open-files>
</project-private>
