<?xml version="1.0" encoding="UTF-8"?>
<project-private xmlns="http://www.netbeans.org/ns/project-private/1">
    <editor-bookmarks xmlns="http://www.netbeans.org/ns/editor-bookmarks/2" lastBookmarkId="0"/>
    <open-files xmlns="http://www.netbeans.org/ns/projectui-open-files/2">
        <group>
            <file>file:/C:/Users/brock/Downloads/-Hotel-/src/DAO/Acesso.java</file>
            <file>file:/C:/Users/brock/Downloads/-Hotel-/src/DAO/gerenteDAO.java</file>
            <file>file:/C:/Users/brock/Downloads/-Hotel-/src/Internals/iReserva.java</file>
            <file>file:/C:/Users/brock/Downloads/-Hotel-/src/DAO/Conexao.java</file>
            <file>file:/C:/Users/brock/Downloads/-Hotel-/src/DAO/hospedeDAO.java</file>
            <file>file:/C:/Users/brock/Downloads/-Hotel-/src/Internals/iGerente.java</file>
            <file>file:/C:/Users/brock/Downloads/-Hotel-/src/Model/vHospede.java</file>
            <file>file:/C:/Users/brock/Downloads/-Hotel-/src/Model/vGerente.java</file>
        </group>
    </open-files>
</project-private>
